text,label,notes
Use Tyranitar with Excadrill because Sand Rush gives your team strong speed control in sand.,strategy_advice,sand team synergy
"If your team loses to Water types, add a Grass or Electric type that can switch in safely.",strategy_advice,matchup coverage
Keep Stealth Rock on your team because it pressures switches and breaks Focus Sash.,strategy_advice,hazard strategy
Run Choice Scarf on Garchomp if your team needs a faster revenge killer.,strategy_advice,item recommendation
Use Rotom-Wash to cover Ground weaknesses and keep momentum with Volt Switch.,strategy_advice,team building
Save Terastallization until late game when the opponent's checks are weakened.,strategy_advice,battle timing
Pair Dragonite with hazard removal so Multiscale stays active when it enters battle.,strategy_advice,support synergy
Use a bulky Steel type if your team struggles against Fairy and Dragon attacks.,strategy_advice,defensive coverage
Lead with Glimmora when you want early hazards and pressure from Toxic Debris.,strategy_advice,lead strategy
Give Kingambit Sucker Punch so it can threaten faster attackers in the late game.,strategy_advice,move choice
"If you run rain, add a Swift Swim user so the weather gives immediate offensive pressure.",strategy_advice,weather strategy
Use Protect on defensive Pokémon to scout Choice-locked moves and gain recovery turns.,strategy_advice,defensive play
A Ground immunity is important if your team has multiple Electric or Steel types.,strategy_advice,team weakness coverage
Run Heavy-Duty Boots on fragile Pokémon that need to switch often.,strategy_advice,item recommendation
Use Will-O-Wisp against physical attackers to reduce their damage output.,strategy_advice,status strategy
Add a special attacker if your team is too focused on physical damage.,strategy_advice,team balance
Use U-turn on fast pivots to bring in your wallbreakers safely.,strategy_advice,momentum strategy
"If you struggle against setup sweepers, add priority or a Choice Scarf user.",strategy_advice,anti-sweeper advice
Do not use all offensive Pokémon unless you have reliable speed control and defensive pivots.,strategy_advice,team structure
Pair Skeledirge with teammates that can handle strong Dark and Ground attackers.,strategy_advice,defensive synergy
Use Knock Off early to remove Heavy-Duty Boots and make hazards more valuable.,strategy_advice,utility move advice
A cleric or status absorber helps if your team gets worn down by burn and paralysis.,strategy_advice,status management
"Run Taunt on faster support Pokémon to stop setup, hazards, and recovery moves.",strategy_advice,utility strategy
Use a bulky Water type to check Fire and Ground attackers more consistently.,strategy_advice,defensive role
"If your sweeper needs one turn to set up, bring it in after a KO or slow pivot.",strategy_advice,setup timing
Use Fake Out pressure carefully because experienced players may switch around it.,strategy_advice,battle advice
"A balanced team usually needs a wallbreaker, speed control, hazard support, and defensive pivots.",strategy_advice,team structure
"If Charizard keeps taking too much hazard damage, use Heavy-Duty Boots or add removal.",strategy_advice,item and support advice
Do not stack too many Pokémon weak to Ice unless you have safe switch-ins.,strategy_advice,weakness management
Use Calm Mind on bulky special attackers when they can force passive Pokémon out.,strategy_advice,setup strategy
Bring a Ghost type if your team needs to block Rapid Spin.,strategy_advice,hazard control
Use Encore to punish opponents who try to set up or use recovery.,strategy_advice,utility strategy
"If your team struggles with stall, add a strong wallbreaker or Taunt user.",strategy_advice,matchup advice
Run Defog or Rapid Spin if your team switches often and lacks Heavy-Duty Boots.,strategy_advice,hazard removal
Use Substitute on Pokémon that force switches so they can avoid status and scout responses.,strategy_advice,move strategy
"If you use Dragon Dance, make sure your team removes bulky Fairy and Steel checks first.",strategy_advice,sweeper support
A slow pivot like Slowking can bring frail attackers in without taking damage.,strategy_advice,pivot strategy
Use priority moves when your team lacks speed and needs emergency revenge kills.,strategy_advice,speed control
Pair Fire types with hazard removal because they dislike Stealth Rock chip damage.,strategy_advice,support synergy
"If your Pokémon keeps getting statused, consider Lum Berry or a teammate that absorbs status.",strategy_advice,item strategy
Use weather turns carefully because wasting early turns makes sweepers less threatening.,strategy_advice,weather management
"If your team is weak to Electric moves, add a Ground type or Volt Absorb user.",strategy_advice,coverage advice
Run mixed coverage only when it hits specific walls your team otherwise cannot break.,strategy_advice,coverage planning
Use defensive Terastallization to survive a key hit and reverse a bad matchup.,strategy_advice,tera strategy
Add a phazing move like Roar if setup sweepers keep overwhelming your team.,strategy_advice,anti-setup advice
"If you rely on one sweeper, build support around removing its counters.",strategy_advice,win condition planning
Use Leftovers on bulky Pokémon that need long-term recovery over immediate damage.,strategy_advice,item advice
Avoid four attacking moves on every Pokémon because some teams need utility and recovery.,strategy_advice,team balance
"If your opponent has a strong priority user, keep your resist healthy for the endgame.",strategy_advice,endgame planning
"Use type synergy first, then add items and moves that support each Pokémon's role.",strategy_advice,team building process
Tyranitar is completely overrated and people only use it because it looks cool.,hot_take,strong unsupported opinion
Competitive Pokémon is mostly luck and barely takes skill.,hot_take,strong claim
Charizard gets special treatment only because of nostalgia.,hot_take,popularity opinion
Terastallization ruined modern Pokémon battles.,hot_take,mechanic criticism
Stall teams should not exist in any serious format.,hot_take,strong opinion
Landorus-T is the most boring Pokémon ever made.,hot_take,strong unsupported opinion
Every legendary Pokémon should be banned from online battles.,hot_take,broad claim
Pokémon games were objectively better before everything became easy.,hot_take,nostalgia claim
Garchomp is washed and nobody should use it anymore.,hot_take,unsupported claim
Showdown players act like geniuses for clicking the obvious move.,hot_take,community opinion
"Greninja is carried by popularity, not actual strength.",hot_take,strong opinion
Double battles are way better than singles and it is not close.,hot_take,format opinion
Anyone using Baton Pass just wants free wins.,hot_take,unsupported claim
Scarlet and Violet have the worst competitive meta ever.,hot_take,strong claim
Mega Evolution was perfect and every gimmick after it was worse.,hot_take,mechanic opinion
Smogon bans are mostly overreactions.,hot_take,community criticism
Ash-Greninja should have stayed legal because people are too scared of offense.,hot_take,balance opinion
Using hazards every game makes battles repetitive and boring.,hot_take,gameplay opinion
"Pikachu is only famous because it is the mascot, not because it is interesting.",hot_take,popularity opinion
VGC is the only format that actually matters.,hot_take,format opinion
Fairy type was a mistake because it made Dragons less exciting.,hot_take,type balance opinion
Every defensive team is just wasting the opponent's time.,hot_take,strong claim
Choice items are boring because they make every turn feel automatic.,hot_take,item opinion
Pokémon would be better if ranked battles removed all gimmicks.,hot_take,broad opinion
Most shiny hunters are just wasting hundreds of hours for a color swap.,hot_take,community opinion
Unova has the best designs and every other generation is weaker.,hot_take,generation opinion
Gen 1 Pokémon are carried by nostalgia more than design quality.,hot_take,design opinion
Dynamax was the worst battle mechanic Game Freak ever created.,hot_take,mechanic criticism
Every team with Kingambit feels cheap.,hot_take,unsupported balance claim
People only hate stall because they do not know how to build good teams.,hot_take,community hot take
Pokémon GO battles are not real competitive Pokémon.,hot_take,format opinion
Using the same top-tier Pokémon every match makes the ladder pointless.,hot_take,meta criticism
Most players copy sample teams and pretend they built something smart.,hot_take,community criticism
Tera Blast should never have been allowed in competitive play.,hot_take,balance opinion
Dragonite is one of the most annoying Pokémon in the game.,hot_take,strong opinion
The Elite Four should be much harder or they are not worth having.,hot_take,game design opinion
Newer Pokémon designs are trying too hard.,hot_take,design opinion
Every starter after Gen 4 feels less memorable.,hot_take,generation opinion
Pokémon needs to stop adding gimmicks and fix the base game first.,hot_take,game design opinion
Ranked battles reward safe boring play more than creativity.,hot_take,competitive opinion
Most balance complaints come from people who refuse to adapt.,hot_take,community opinion
Smeargle should never be allowed in any serious format.,hot_take,unsupported balance claim
"Eevee evolutions are popular because they are cute, not because they are good.",hot_take,popularity claim
The current meta is just power creep with extra steps.,hot_take,meta criticism
Casual teams are more fun than optimized teams every single time.,hot_take,playstyle opinion
Pokémon would be better without entry hazards.,hot_take,gameplay opinion
People overrate type coverage and underrate raw damage.,hot_take,strategy hot take
The best Pokémon games are the older ones and it is not even close.,hot_take,nostalgia claim
Every match against rain feels like the same game repeated.,hot_take,meta complaint
Using legendary Pokémon in story mode makes the game boring.,hot_take,gameplay opinion
NO WAY I finally got the shiny after three days of hunting!,reaction,celebration
I cannot believe Stone Edge missed again.,reaction,frustration
That critical hit saved my entire match.,reaction,surprise
This raid is driving me crazy.,reaction,frustration
I actually screamed when I saw the shiny sparkle.,reaction,excitement
That battle ending was insane.,reaction,emotional reaction
I hate getting frozen at the worst possible moment.,reaction,frustration
This event is amazing so far.,reaction,positive reaction
I finally reached Master Ball rank and I am so happy.,reaction,celebration
Why does this always happen on the last turn?,reaction,frustration
That comeback was the funniest thing I have seen all week.,reaction,amusement
I am so tired of missing Hydro Pump.,reaction,frustration
The new trailer got me hyped.,reaction,excitement
I did not expect that Pokémon to sweep my whole team.,reaction,surprise
That shiny looks way better in game than I expected.,reaction,positive reaction
I almost threw my controller after that loss.,reaction,frustration
This gym battle was way more stressful than it needed to be.,reaction,emotional reaction
I cannot stop laughing at how badly that match went.,reaction,amusement
Finally caught it. I am never doing that hunt again.,reaction,relief
That animation is so clean.,reaction,positive reaction
I got swept by a Pokémon I forgot even existed.,reaction,surprise
This was the most painful ladder session ever.,reaction,frustration
I love this starter so much already.,reaction,positive reaction
My heart dropped when the opponent set up Dragon Dance.,reaction,emotional reaction
That last turn had me shaking.,reaction,emotional reaction
I cannot believe I lost to Quick Claw activating twice.,reaction,frustration
This is the luckiest catch I have ever had.,reaction,surprise
That final boss theme gave me chills.,reaction,emotional reaction
I am never trusting Focus Blast again.,reaction,frustration
Seeing my favorite Pokémon finally win felt amazing.,reaction,celebration
That shiny color is disappointing.,reaction,negative reaction
I was not ready for that plot twist at all.,reaction,surprise
This match made me remember why I love Pokémon.,reaction,positive reaction
I hate when the opponent survives on one HP.,reaction,frustration
That was such a satisfying sweep.,reaction,celebration
I got completely destroyed and I respect it.,reaction,amusement
The new Pokémon reveal looks incredible.,reaction,positive reaction
This challenge run is stressing me out.,reaction,emotional reaction
I did not think I would win that raid.,reaction,surprise
That miss cost me everything.,reaction,frustration
I love how dramatic that evolution scene was.,reaction,positive reaction
I am shocked that strategy actually worked.,reaction,surprise
That team preview made me nervous immediately.,reaction,emotional reaction
This game really knows how to make me panic.,reaction,emotional reaction
I finally beat the champion and I feel unstoppable.,reaction,celebration
That was the worst luck I have had all season.,reaction,frustration
The shiny appeared on the first encounter and I lost my mind.,reaction,surprise
This battle was pure chaos.,reaction,emotional reaction
I cannot believe my starter survived that hit.,reaction,surprise
That win felt so good after losing five in a row.,reaction,relief
Should I use Tyranitar or Garchomp on my team?,team_help_question,team choice question
Which starter should I pick for a casual playthrough?,team_help_question,starter question
Is this team good enough for ranked battles?,team_help_question,team evaluation
What item should I give Dragonite?,team_help_question,item help
Can this team beat the Elite Four?,team_help_question,team evaluation
Who should I replace on this rain team?,team_help_question,team improvement
Should I evolve this Pokémon now or wait for a better move?,team_help_question,evolution question
What moves should I run on Gengar?,team_help_question,moveset question
Is Charizard worth using in this format?,team_help_question,viability question
Which Pokémon should I recruit for better coverage?,team_help_question,recruitment help
Do I need a Steel type on this team?,team_help_question,team building question
Should I use a physical or special Lucario?,team_help_question,build question
What is a good partner for Tyranitar?,team_help_question,synergy question
Is my team too weak to Water types?,team_help_question,team weakness question
Which Pokémon should hold Leftovers?,team_help_question,item question
Should I add a hazard remover to this team?,team_help_question,support question
Can I use Pikachu in ranked or is it too weak?,team_help_question,viability question
What is the best nature for Garchomp?,team_help_question,build question
Should I keep Flamethrower or switch to Fire Blast?,team_help_question,move choice
Which Pokémon should I lead with?,team_help_question,battle planning question
Do I need a faster Pokémon on this team?,team_help_question,speed control question
Should I use Rotom-Wash or Rotom-Heat here?,team_help_question,team choice question
What tera type should I use for Kingambit?,team_help_question,tera question
Is this moveset okay for story mode?,team_help_question,moveset evaluation
Should I build around Dragonite or Baxcalibur?,team_help_question,team core question
What Pokémon covers my Fighting weakness?,team_help_question,coverage question
Should I run Choice Scarf or Life Orb?,team_help_question,item choice
Can this team handle stall?,team_help_question,matchup question
Which Pokémon should I remove for a Fairy type?,team_help_question,team edit question
Is this a good team for Pokémon Showdown?,team_help_question,team evaluation
What ability should I use on this Pokémon?,team_help_question,ability question
Should I use defensive or offensive Gholdengo?,team_help_question,build question
Do I need entry hazards for this team?,team_help_question,strategy question
Which Eevee evolution fits my team best?,team_help_question,team fit question
What Pokémon should I use against the champion?,team_help_question,battle help
Is my team too slow?,team_help_question,team weakness question
Should I teach Earthquake to this Pokémon?,team_help_question,move question
What is a good counter to Dragonite?,team_help_question,counter question
Should I use a legendary on my story team?,team_help_question,team choice
Which Pokémon should I catch before the next gym?,team_help_question,progression question
Is this raid team strong enough?,team_help_question,raid team question
What Pokémon should I use for type coverage?,team_help_question,coverage question
Should I replace my starter with a stronger Pokémon?,team_help_question,team choice
What is a good final team for Scarlet and Violet?,team_help_question,team help
Should I use weather on this team?,team_help_question,strategy help
Which Pokémon should be my main sweeper?,team_help_question,role question
What support Pokémon fits this team?,team_help_question,support question
Should I add a bulky Water type?,team_help_question,team improvement
Is this team balanced or too offensive?,team_help_question,team evaluation
What should my sixth Pokémon be?,team_help_question,team completion question
